234304,188665883
83428925,345978667,260163986
108519036,292599524,142653694,95219586,330464120,152438875
77631961,55325170,181601885,365032575,402927591,105319538,204412254,1868125,279433917,107518023
90795949,49657830
132940744,206977173,359851150,254937754,380097196,340384542,197938815,52801085,296547472
4606353,363535617,2876703,383078862,64868601,186711979,43814075,276903375,176449496
43031779,164959105,37859315,341978640,151241234,27978907,181580428,36445470,204151476,376288064,146593383,53890246,38506665,137727388,65307208,242510000,4973218,396240066,139610304,258956636,17534885,92326762
61206602,75288184,44523309,304960429,248538031
12633543,152427822,49751238,91914753,14583476,340139768
100739273,72220250
118197087,101746344
135817531,214163318
19164979,286586652,250382098,243873726,381408303
100179144,50861319,204486438
102175750,550103,346158768
124329270,77014744,190795447,217804613,153165240,352519025,288367351,283159068
114283742,203618309
34933526,110038274,243692490
31370999,88725560
84934689,103331391
64139754,35487880
32219902,269949901,100554411
106067270,221007094,315677359,290489416,54007691,222538388
6430954,67302624
92500742,47086976,60817707
70412049,11381617,265482207,349011988,297770545,185047951,15532183,324878017,73195108,126099664,268132421
44318358,237864374,240778520,76714828,386953717,357691979,19141694,217287909,127264057,383086144,87689674,121391328,31623166,269889398,323739872,101323976,83768364,106061036
42844457,117342959
101510566,318423971,372592537,52948331,23409177,329443471,357086833,239392671,308120688,151010214,270986662
64204275,218645467
112604594,259606400,198293119,346193629,11633431,335542844,219382616,366164977,108634362
136723996,144290891,36322479,19661084
112947025,124645006
29608942,176571127,650998,164144259
124359234,19646780,333732885
131404662,231182998,168292896,254031767,220018954
105854400,174711206,308992389
88959033,92682030
61414783,180733745,119574246,175530865
4662641,158544112,338279009,368381913,98645911,227577642,384513417
141937697,237312231,44742195,301092241
101673063,197468815,252586927,59331467,359869374
47037064,304863141,276883885
135241078,311489138,366502485
40211861,166335508,288307700,187826408
44552395,231058598,132343683,142583166,381279806
82378875,144158472,148805185,187478075
48716908,368697200
62048826,302042726
71268319,229403573,290969
61334074,155230516,312979244,90699363,54390273
73529547,338946657
133023935,256932606,308286880,191820612,138210583,166068868,124118862,10032377,62873895,52447545
84123477,78075194,29610554,277552040,65351774
130496816,278276358,306175190,238411305,60452310,210825847,40659271,54889492,272182215,402811518,252694493,145270332,194439330,263749403,272081029
111326691,403857008
32839619,111012198,183177173
133629702,369275548,135256079,219239221
134052710,131513433
33277457,321353254,73770105,16107850,194278100,29744569,338306763,387421765,270731064,159434583,227779853
57741871,92765575,113154228
67162826,299099583,157204579,36389810
40847458,191415323,4314442,317204156,322776186,295430097,44789171,86783751,186605506,366296663,386804680,96420196,358737844,212520431,140037424
123031780,17251414,4027785
128589161,261031829,73429875
122648349,340470933,277553187
17471472,128624673,361283025,217910070,291078324,147556593,141476569,192921341,212644349,376578256,310239555,177782854,292223354,243092533,271519141,188632358
141200871,57933083
6396896,59182113
130580296,263276133
65087966,149142045,140695540,109322732,382917775,166891177,343390116
91146006,299924831,362121192,178072316,391626438,145535535,377269651,109846682,391826123,234052241,71461514,293057377,106810565,317767639
106042420,304088414,267743466
230169,30182113,51081554
61382316,104143045
117359772,129890226,207295443
39479918,187270961,169218332
29943812,236008307
129398889,2047245,168222104
130637943,89049888,41846657
29773049,176888891,233616387,162154226
14818889,109375962,279665835
52673329,33545643
1627203,233712545
14043203,117308603,354952514,81403277,371658412
8603119,317125747,73309604
76357330,335971367,67051924
22886227,247972973,5651285,118974491
1017622,136435947,396928231
100075093,27092963,36062416,81403560
139110910,380268790,32267641
29938725,102660835,12677588,254848772,40186333,156503981
80680135,48238838,314706134,284994011,94322664,95914419,42971384
124322312,372371385,15460482
44074466,391626438,361402727,95630134,194184073,397704909,226258096,376935842,49623558,237915511,92362212,7772365,243824649,105209966,379495252,391826123,273688247,181687297,261199752,316897316,135209578,175198547,398126238
126838835,205221640
21573720,338619713,49910706
4205661,344141174
5725817,359990782,72649785,213562213
119829822,8488934,180830883,215250970
34269301,381235283
135704176,331603731
119707610,217336805,401815577,48160685,18445457,349006727
73249495,98886987,387679838,249012228
108594053,248168451,343478320,299572928,289610506,253876301,119860635
129284687,159603857,22078602,269133519,284202483,285882024,283027677,345164081
122787388,137972620,90313406,395014688,128249706
16020417,220847328
16304741,150449837
123783088,132120171
40330673,109694533
99411301,6249885,345342724,183173704,258296014
81526127,197900786,267722763,347402770,245251166,22753547,219227795,11036001,175685238,163962491,296760719,307705138,62343358,88867467
55852526,55124895
33210604,258826651,2120333
45858056,112814710
68910801,65481226
118301168,289628480,155403933
24839021,235652629,306626114,365398869,256559808
141084002,136119947,257120949,70493115,79549365
36409669,221800877,169661147
136976745,221272096,238589408,257632905,310678429,317932076
25849481,4201674
99569339,47472142,161055663,339202637,305832637,146306778
69918931,294335213,266686994,213546745,290752290
6862994,99859556,38273519
101101339,91966525
16174142,309532880,145944484,322938526,24364314,138688410
130352942,129077807
23793179,396032390,192972445
3873034,86484056,236709522
739573,400034362,28046190,116068730,281826681,229954568,180482180,247979391
50796433,240081010,359680065
10151584,7364483
47795449,276530110,258236990
112442119,230703162,390425574,7158094,359940060
81642985,214081325,366902062,206251484
23038853,89771993,170438255
59057916,403596851,337611506,52620306
71154103,214199794,273593419,27944441
21838112,398193505
44137606,294148654,229154673,135153618,341722635,385428685,399067129,157697073,382352529,267719547
24447145,199717830,97694130,144393543,146399336,327135242,288222227,376675227,111535895,47960121,345876242,106992570,1555252,177889596,390454069,38712513,334024975,165442369,201957784,143425780,32424204,8787622,299207171,274281651,2174580,298556848,81445247,123981864,242253420
46495539,19758358
59813038,402158553
19318050,355791137,272582081,312543066,168433214,86511716,173111062,234627816,4823954,353734630
120408978,332226999,35137443,214459299,307080976,356953707,261519925,85097117,249365164,52171753,148776454,348033639,44264181,193368299,72754810,323782323,72188559,338988710,100493970,383479741,360568870,327727617,339969219,80041936,176712657,232206688,91129152,143730457,328771315,361431225,404392798,366339609,87103636,204936651,7316197,197517944,94623504,295572474,130106662,145535535,259634833,396834344,192157871,48069240,49123349,361985399,86542330,115967540,90453232,205868215,83980540,185133289,162312315,159753493,212664947,261199752,337867745,313776490,14592222,198038408,49085538,358943880,47313536,322376150,274776619,177911796,235261741,230738799,396936793,20856860,190836488,152966203,34434122,25868044
33290628,378401080,338917030
40523696,260196329,110261417,57239824,238116242,16474555,389559725,139394343,27198257,261354452,352374812
84427683,164374437,388203760
29144404,148441370
140659336,365414614,308044993,84891676,390372032,335743906,33523174,168005172,229470083,98282296,365080366,346854205,56088692
44026734,116847864,154685548,260446516,287597744
45416453,388100339
6479495,32207059,21869798
49703412,71457618
60623651,374886283,378529166,122041731,86259964
51160991,333810561,210901117,240622815,37304885
104560110,86502990,298213574,226954872,99186615
139668332,241389536,352559688,257766788,82106,100927640,141000303,236434831,250140874,311867189,103588711
71193336,123085450,249401327,121583511,350511293
108944739,366038715,231716964
104323221,325021994,250376825
141996578,167141335,214362838,401501965,376683804,247914630,304569973
84061592,309988771
103655705,221610175
12504005,357177981
43673471,34505000
64182182,184888874
101034881,366832742
1702520,5960360
28397948,147479712,186731661
34208020,149406044,36654335,236714331,135867565,223120900,20995563
103686064,107170739,2107808,265009482
135670856,66553110,256100062,168561275,252865052,370000555,281826681,342512614,400034362,36044210,382675873,233290482,314213287,229954568,12554281,395231168,108276123,56515053,180482180,339605119,305229489,164143565,606457,251602905,30481886,7158556,116068730,182650345,321038804,71670342,235603364,152402184,116553366,237690276,161436898,268968468,292199103,229458853,47577059
40029310,128293169,325887587,62327219,212065820,103020986,305338493,88402690,296015192
43113553,215394392,22590895,361272884,136438075,186920259
49078245,114141880
29064427,178988280,95160411,341273854
85374735,163777852
4099114,285404643,296757159
109750310,135184897,9296200,114440096,331933566,309265573,198473709
18985911,221123607,217698702
26016998,345537020,98097028
49971174,384483274,220555561,169303716,53427943
33598328,252550076,31741999
107479712,122845199
41839555,164417301,104029949
18576565,254434349,239460936
109326585,210290989
74399918,143527370
77399157,172534931,210175801
87665729,18395029,375334462
29315421,303984719,264838202
95755843,6200348,354435851,85648076,297106037,186683440,372128475,85517617,207866280,23132956
141095479,343795003
141932210,337897351,225500500,127325769,7129672,207457081,292351777
111625873,351339730,282559283,247546656,188917641,298428632,309318127,201745489,353544569,9519600,218565573,225112764,281491051,219057474
113695117,348411913,112369486
61732051,117850055
91837539,265311890
101893207,237394043,95875607
24551841,213559091,214766670
42617706,117365325,292842461,115672722,348175682,352970775,304276900,228683938,167329744,233664140
8066606,301336604,161886872
72419526,69610781,248769833
93029303,139367861,279161444,172348441
112994827,42628829,318721571,287743655,13982267,104041370,234440775,140120432,50847339,235521228,387113447
21668253,31917810,315273639,261759468,116459530,314610740,133422601
39575941,85568730,44565768,248763559,66991635,154505873
73597094,218109032,336782750,74292322,144150300,218699625,295184523,378390733,325815468,326479547,285853916,340005009,7390871,359653964,274818431,103382492,282912075
77646698,325202294,140023527,163620743,231310437,381633113,128046541,138894451,367976668,265877404
8442041,345559576
85085012,163201094
56238094,163684509
58308741,104416324,200128152,247841226,388501743
106840813,389130000,113289534,189454680,287773227,75791403,334191423,177171831,125162602,176756628
125117551,100929786,195237221,211221889
20762185,242384180,313319946,192961311
4363457,233640083
4530578,216119798,156990808,83913669,24745558,284224947,143587974
57666303,135202739,202759367
32614467,293733060,247411455
16471696,383822283
141343296,51733808,184693355,333067901,314901091
127229722,12565583
130756544,114897321
47156937,127522380,224469424,286110574,387069662,158289023,222468383,349429565
85305086,88905227
110054445,170123914
138648106,155595470
7672365,270214619,194175125
25793236,122219582,295508658,100850661,69085871
95574197,271786836,11845354,297098605
87567216,40009417
118591802,351240367,267909924,289769026,385461549
43527099,89712741,272050254
100699621,85068708,192123098,34178141,193902726,330579165,339522079
54143243,309736423,259913242,26115229,116454091
31006519,184424807
30407680,289375209,401634146,355193729,79953666,55884699
31810270,400954506
54882858,140487693
62436178,241057435,163881305
32298483,381199335,24730666,14033022
110488779,43168743,342843608,319487608,142114340,362667942,165778622
140140605,6774273,53019464,167372057,115427794,267512093,135454932,306375731,220452145
50684235,58389217
107802336,257592219
46758215,375757080
142344317,107190637,398452201,229320888
59132339,108563880,243162252
58645613,192302024
140332355,301207801
139878830,238761757,115762602,402701124,253923428,81615357,161558138,86104455,37101896,307792517,270856178,174054968,142015520
82413658,81049312,48881781
17516380,349731369,156828076
30516846,155358429
4707609,180020044,138375610,389302012
36498662,171623232,45979388,159919320,359879238,144123839,346646777,203119760,304949592,386457852
19466917,304994987,398119565,5011696
84248215,393404625,124459141,367127874,309985096
116920321,331371469,339322144,343895534,221451522
78256365,41681643,72179599,371629807
54257383,339700643
17421307,250473684,228296652,274230558
48210002,38063851
80886503,211806364,141137641
73427429,332736897,60121083,312631805,328715502,347914898,296968781,41526277
54053313,375703054,318766191,323384055,85311055,323809616
15894042,151560215,336194110,78764674
19282319,55128147,191190538
67955998,198830174
96230114,350308989,367208307
76081459,139667393,260289231,92764822,128979016
88582962,206079657
90782781,277266379
120841111,263968439
4904673,148193861,115738239,234918680,15155803,224785974,196155724,25294255,388904556,257874988,316461738
61840976,346091674,178098472
90958542,171803928,158624641,228755919,59262287,395757603
39749835,116048273,82459231
19556722,208188130
43562254,346456454,83599678,114220158,192952252,104869685,276593493,209501631,122697929
61136699,231814093
20262488,369918126,55617685
31467985,333918510,50354503
71022760,180089112
74162246,288612181,240736834
6469819,342953389,362160362,58813704,133003653,5574943,295547707
76473386,179862959,354224645,135184897,56473327
115908019,268491825,287170898
113791848,391769216,257985909
8716998,349317520
41866258,381920404,44258536,318755396,306884093,93203552,358110607,78316474,243891675,257137385,299445821,285773835,284615465
31929244,300701121,249529404
38150165,168742623
469275,356919103
137551219,366047606,255793324
47174804,36860473,244517868
57198121,43118036
120571369,301686369
16207363,185995889,270786620
38384431,106701625
92593215,286717042
28768240,299105036
21449998,109431205,324663500,275777156,23418161,249441342,328975019,6058495,70725790,171656235
10624647,303405737
132045912,311282696,320824779,285833344
51969060,88727790,229746456
7494627,236698935,288217446,261192269,166074700,260689476,28198912,16814842,142272633
132859392,134745681,182616695,235126150
12329292,379715885,212936313
122650600,112327173,267374919,200334996,343721343,103768423,200515160,207978331,397896936,397380933,266645485
26094654,132690328
115581277,295711813,29075519,101605585,398830720,25601771
51816656,274967340,288791807,24356198,17989273
141710981,38396482
140334474,64848036
109369720,333346809,47645955,251377214,185126108,162365355,256659771,190915057
89817683,106028536
50538209,38218418,156282754
116830510,62314583
18110679,307823255
6846140,139674520
138365780,214187309
109068679,274855082,372115491,156495477,295138220
134882084,73874097,309892219
105359649,194862366
35411632,186402589,52900329,139577405,292243173
56129558,218725286
125190441,63049293,350282219,239155621,365448848,341523289
128777466,394509058,398272495
28398589,165773833
22807254,330003138,81645044
135263255,398307342,372013647
32861478,306460020
29986342,190514483
98121857,384934815
20815921,9251744,383155886
53791365,139635444
88287026,118513062
9272291,241500495
134412210,199012791,348684501
47519738,233997692,323282136
113321309,53317233
85655387,309679720,402195536
108735864,120308184,350804330
3773471,215285378
56031880,154243260,145379918,199825515
46380691,142477642,25595659
48355452,9736320
104383253,13570297,200694318,347363606
15817558,349448920,204417331,396527256
10784467,347775028
699191,168791288
24447355,28691947,142217688,325671091,148017052,310949129,148999101
136423378,332072452
78365354,313647699
115981262,64056016,244183686,335074931,165715352,148482132
21396810,391095619,75850923,224821392,67201082
65507981,116065969,400064354
68375070,105538226,394291781,248498697
48401069,177622343
60473530,45508203,343507809
15047604,308595255
89819186,184938890,287687654,129628551
91961766,186881376
117143651,384909681
52993887,215390193
2202055,286462477,169218580,135152088,80910010,45281144,143838796,168341291,261395283
3727568,21059958
69998672,211158152,270582517
107290265,117951260,376995399
49194169,106663861
58730281,297120407,297473995,361970513,182065113,178089708
114058541,249621410,229011657,83479972,267617223,371895825,396887611,392238680
99548802,147354617
111849931,258219737,207034673
77284635,108903543
131429910,313468134
108885915,318116182,86829685,85178488,375465543
134212081,60835458,197304232
78820927,122069472
22402560,62243539,38971193,306907910
31597340,300412358,249775289
65964178,264232178,268963098,285696676,149411379,75252087,94751631,303330760
85528205,302945510,84985662,135196959,53342463,358076906,384222045,291263827
3153929,27750665,349494650,248807120,279594355,114455378,5066281
97009883,184435094
112124836,29054915,308057575
19550738,302585515
23885551,70384968,45224676
1577314,46482525,41180158,360019023,54701652,316062775,175851159,214343101,130324628,177990767
3986725,21601832,316113348
70220697,67651660,131864226
90335230,179616526,187981012,223269019,252641525,233468290,226740911
93664111,67758703
100715671,209698913,95319532
73664736,349368071
748014,342061133
81892524,310929164,69119872,274080219
100261182,195282678,125247335,27003355,333959676
131990155,336833968
37164198,376621091
116634436,246326873,205081227,290133439
140767127,172730616
48925070,12385672,98200229,15754421
49445501,97503960,92784833,309481393,357658188,144479289,35083587,134463519
35881288,351744333,104496106
114497655,32754494
2095294,190390494
103085001,156568583
47143734,114365775
36696186,27827696,223073837
56485225,345829317,153635698,149163369,119405442
58206817,38584984
106105995,35360482
90854936,47041009
101712435,151327608,6219991
69799403,51174478
22151716,313439815
53945792,116401392,83682294,102802425
57888518,90115108
69113799,45686944,144916520,235588181
81389039,313106366
90402638,145401850
86958151,224013274
56553525,319705095,181923821
26841601,52490412,283118773
49616948,389518567,339615392
64749127,321665010,395306242
65420018,144214858,336222572
109059613,88064781
122721850,242911733
86385789,124981450,180646135,363290387
1928096,216707017
104891848,127319949,247155905,342844659
120682506,241803157
50943011,301059221,198836104
46229523,48432177
22043513,258271981
119394765,242259581
84477254,163505105,102767974,109432823
55908793,395393163
3039555,180897123
104849335,163974528,118890316,25563192
69246113,271759085,350295038,354320603
15019848,78499674
87692720,152649441,96847858
7821057,108637777,1347379,203570498,18548296,109375962,58590279
127960021,85506535,14222014
116403499,137553302
22232670,339984724
96022445,380666314
118036942,45509994
80829800,96947925,9669324,87826717,91690793,336979670,266465391,278043152
11189105,306927019
17735458,189274140
128552991,229380383,14477943,98152218,243358121,338958612
88967217,333673833,40635804
111378577,220821487,142000670,263076080,145640738
116006674,181806620,136713263,355681291,119461890,22686489,308737368,160656329
85681627,169274281
28518682,43271641,371689837
42659811,380412224,378609440
116662489,122989275,45146072,246665036,212891137,145090376
61447935,35781037,273865718
141741386,321284630
5851343,216423972,160075882,172307405,102518829
114084403,334447009,385516497
18187983,291323711,57643585,137220373,366384557,142625482
48912439,316651967
91451963,189861570,61794591
50328928,132296100
54368965,64082787
8650535,106984303,157131905
21991923,350002915
124225320,286863514
142024804,276790382,155307074,402158553
85098443,117629030,355404359,143059647
29221987,81075469
81969298,24571897
58453645,105180721
62613690,200624861,366839784
103513159,147732862
48849510,222601613,147714969,68330529
79332658,393478535,328618291,145070956,203554713,11816923
74261240,108534695
25438961,222906631
31997092,125500191
81369260,356735419,336449474,112689124,14297275
71354365,57877294
34446395,169208911,63816541
48182677,210290989
94116111,381676307
59451304,123187746
135012604,23369445
140651197,261206987
96786471,65562956
2939036,173960549,309717955,160369875
99849460,218573652
91223012,201394607,173401986
109464365,182703883
103425303,157445437,321170586
17092645,23687127,291531658
32062712,277944871
33787718,402086962
132671424,174186219,82419673,352937057,105885796
36287818,193279921
57983419,51682918,55922591,298588869
96349609,385804206
14214900,285959296,375338930,202699156,175935170,154296679,337402195,400644394,107494377,313316718,260540323
29066645,216587412
4855596,377899339,182877100
1637359,60809436
67938240,314691795,364112682,88097460,4621846
92332181,276364549
38394899,154158593
41684599,404550304
34020000,181313534,243793783
120731896,281929539,300472169
62549252,219695539
114407780,232531276
91417419,55855139,389375158
100112779,242834250
113970599,95219064,299046206
33376634,183712898,313788546
105767002,11351892,110890246
26622139,165222310,167694329
116590113,3032348,296544647
7953262,270062630
8036273,338917030
7410322,126057302
132501462,105247979
17020859,26043305,13376225,191964065,82344510
101868746,381279806,326720839
10977473,165373055
85489311,4132135,212060428
135012633,314375884
121194621,238456140
72540615,368744472,166567101,401201851
101039105,259585154
98628646,343299064,270325627,400625953
83801469,194596805
103653426,262518173,311458772,95992702,265376011,76602649,243643884
129121608,155929209
113113004,120354691
30947796,82542787,202389297,56713257
51965294,183630870,208843421
54987533,36754561
5109731,23121976,400833339,436781
62833605,314523547,2602761
101926940,295614451
110089356,58057164
129506945,260003874,6389262
68763635,258486704
35661127,125660044,148842946
93130238,1364961
23115142,242821072,349211393
26318350,342415714
83956310,185928415
126603266,195115372,66138234,140990513,116749776,133582810,167006673,80052470,342022005
25800428,40759546
82468751,379594880,240967593,90741089,303205878
68985908,357864645
3876155,298670687
73934820,75681830
3716598,82111681,258316423,157779067
31057759,42153303
77048296,254120015,2619362,170476072,28913966,367721291,89039348,80018052
2642753,231156238,224523488,309245869
56024287,20808400
103348019,352270297,279351879,302528375
13476086,322561175,116587747,218031988,127834109,22281434
116225160,359273614,193293,370391398
43923104,291787041
86528162,44783054
123025291,157538023,43765808,388433404
128616587,16413313,34472498,357550394
60298546,218969601
32596103,61089297
56970482,278936509,332082379
72840840,318703285,39943187
11067605,299851873,30852600,57142249,227130120
83313891,5483432
16847478,186189718
112982989,275033368,168651658
12585110,365481926,64462459
107851091,66004041
72521730,218044692,366518098,243508710
72313597,10030985,38558980,262551638,319635945
74712897,249733939
121717836,356078167
130369251,324234191
92998417,75095942,171858435,120846888
43252806,59727611
1586570,197468815,348793621
118558480,63422457
72802416,107067822
127332408,73257119,347789340,179395210
98295322,243892258,243378964,274106366,150003315,358723407
132614754,91427280,378139097
116302035,175144281
134622261,340164930,26021046
102384012,387797585
122461063,369579995
120911325,305015483
71681758,40706477,387348667
141074749,90980325
92014282,150910294,84211035,102259979,261818495
124789729,307774682
5505823,390727703,171867933
135424089,54507422
57573535,52380671,280562654
58140595,321589666,101706128
87527373,309449127,153030409,347577613,286945257,389552982,224431277
72689411,113391175
107508065,385073733,361077086,318026579
71949443,154205706
77253471,90015038
90401388,375132674
110796363,40576265,135171030,134850273
23048633,357185968
20263375,106184807,83672704,23245194
124012044,143601524
76395928,258794465
13401444,149262028
88149331,99248078,333449222
109639192,99246278
14698625,296285346,29944409
65068308,310631086,6093745
438276,393742066,185003741
57911004,124978743
7192667,166359358
24839442,245187420,183562502,268488417,63360153
125992766,214957773
81270790,122029128,347770666,351050481,231993498
94975301,224211445,235784619,76464686
104531516,293651924,218867057,208097193,180112789
25762105,153426998
88999753,157759883,268108804
15698093,42531224
84580258,146844904
108623128,257519497,94106132,101407452,235377753
9437355,195229139
64087996,84621599,95631483,219483645,257097789,388810954,232617836,51996121,105734133
1187238,136512781,86142252,166653675,332698984
10520785,227804802
135514874,319277401
94214912,157087642
24045086,131361931,248324293,386184596,331710542,2658463,8887161,313106979,190774827
55179271,280293035,385025855,95455667
32400706,87615063
122695388,60726737,230446116,362389441
21270981,273126181,390511099
105373655,48364345
29847444,282994784,55938741
26202962,403016711,220100157
311547,196210397,118133927,141363874
8322595,62510266,335439125,231935684,68454568
84681925,320115582
31019226,136754579
991004,151274457,388794427,42745689
98260519,345914393
17510838,313354940
22894873,276094746
77981288,309671556,379192835
128440836,348418481
81070130,142608197,54004933,352074197
57984762,228904814
104568145,73651880,143799673
94144340,224588391,102266518
105099621,41813818
67120134,58504538,95123929
131662045,186890014
62533830,42279033,139184953
123819670,40178720,260814391
29733525,153386100
97829437,240657635,115980376
80154957,200529455
42977680,336106744,195489777
129862703,243427474
62861514,315742662
89513630,178739816
3913639,144219837,227494456,208640861
123451185,178598128
124286987,257718858,165854538,352708927
93913492,286357930,116752610
63669820,92268048,120679012,85591948
73951228,257221616
116405123,38261847,155107987,326342643,320446833,389886238
16534464,29912672
112225904,328618291
25039683,345646057
56914112,47541956
98734198,369764663,18857299,203382382,96378250
76498780,20070528
142147795,246408835,79968225
123337404,349770511,223540613,275195952
103554736,176389772
117046521,151820404
128575721,132514778,15416103
38127544,183459146,237821338
89389805,297585213
33522133,399211876,187639182
91309794,309972729,31331328,56581507
45190470,398895770
68885498,55331281
41599972,155519614
86860857,394911406
98002604,44911807,243195551
120671311,382559647
30956480,83483157,339913430,280562654,317579154
29898034,402456501
103995388,197595316,199411234
57441022,42676561,4259164
69760730,368718998,91022033
94244962,271239492
130232182,284606575,78487883
29400029,154149592
649054,117363922
52046047,378354420
114166965,192318346
33486899,87030081,19523390
7815258,15128625
136556150,74518990
71041123,182907768
117121471,114535528
41951897,193082689,315328800
48385571,270457081
84420056,301850253
37886546,58119703
85671542,331656277
41138859,232235095
136612541,335285025
92521112,80756927
25774265,241467394
38277909,388499942,284694498,175932868,66917890
61985804,176876006,219372397
90324696,141002157,216779954
66369549,382542784,62967364
10038587,363879128
52417718,178026641
28926235,49488877
5800470,165403814,313890670
15434369,139857258,361098006
65851171,67769227
83635059,345296231,20286549,310297029,277562228,67590358
43927941,219832936
98670387,67304759,154497587,107156655,142962987,352080579,203664634
66295737,72304926
23749054,138313534,140063242
73858,137011227
105195383,242498747,133582810
106357437,234545282
110896346,172189493
18732509,85879443
138820502,378242725
114853491,70433557,195490115
57147852,50421301,205346146
25215291,329815735
106239078,281060946
73305302,238160791
32988961,247896182,141154342
105158239,67349664
74994281,355434012,112765664
72920921,341665164,131473728
26916375,291834921,337285227
79913871,220893175,156115689,272657526,135326855,207609424,69383477,14685621
20896769,122318106,234927313,185935240
109359671,307100743,289179513
69814478,82571347,403876630,261152597,96175489
94083550,12923390,21451388
96908164,182929581
55327215,94187366
102458764,287244634
8756709,354432714
30167097,390753710
105858242,44520837
2476290,350904203
66660021,151818249
103701413,38164895
62491723,386349926,17538043
115199371,241280699
77452875,381957435
36952963,372115066
81572955,388987688,183365211
117985011,401634146,35020298,327372620
15408775,188042128
76303096,154505873
53164234,273038933,312029722
71159805,215693016
111410233,178198431
3928505,11562160,288225341,109680948,158784472
10249768,329441248,66055602,343911836
27515203,244496797
131395085,111161394,26920762
26814910,62293569
48890026,45150723,60847607
89333606,170800797,2633720
89885556,12532448,341041314,42108188,144408737,59939749,103498691
40551347,388538728,134239734
15283261,181651705
33608164,138258017
79395550,153552257
92985250,344878972
105409637,363416588
50616842,252076602
35175499,134437541,339969219,59802076
128519833,217433535,224456721
100424208,252977259
76417703,260149400,175302684
81450555,84501827
136741668,315650691
85753848,166272316
70428849,185382942,243835114
8934646,352941284
68731493,30038890
113896335,375711425
6866692,306239975,291337158,229911428,376610889,183510336
108836330,28585046,241260971,8853707,341960510
52041756,380699001
43518662,345699794,316879077,342118406,344352008
117488360,287113221
76409653,129402254,319786581
30414317,149638039
63643294,358055992
10756625,129462544,61334597,177978182
101571478,282546171
124352563,155964193
58491767,127077941
24414641,208043647
66835786,398712624,68443184
124027686,226323577
85922803,24598452
133539544,176415824
136407839,11119575
125312747,254547124
131032896,259951279
86295623,239112810,6742548
31576782,170536727
38088521,167380828,82955428
87464807,318116399,363050693
132401615,183885409
82478380,146395116,381708228,219811326
57514177,358683176
96851252,317559572
135722092,137304178,78962932
37006225,112405561,375156755,200499105
34471589,266847858
51336812,396712415
88332423,44891314
96700750,328430041
4423839,179660776,110038274
55585675,363192785
10520020,317577430
139564921,65398235
77896444,200998118,278909776
90469270,115514925
1440595,227270144
50559550,12811582
33936456,378902688
64296382,328842315
5185661,57898849
85322350,271658444,13959938
48866597,259282633
71588286,254288345,34200612,240321449
113941171,372917370,90034355
17304888,241843285
94945054,156110482,271505391,7391575
35966507,210457642
36524064,365078934
116495042,403518915
134518536,342382668,320408926,306762917
3586430,13839193,322483045
128004624,264436089
90644173,348107856
113497293,234212094,291229054
54527285,356348243
56835143,375387338
56413410,47289418
75536562,236002244
5451459,102393809
27882034,324440930
121776645,75848536,397782259
52080643,56401636,239200348
112037788,51155657
119490278,359895173
37949840,135167361
30904698,390243078
133135970,165321630,202393793
92926865,177203910
11583731,42087452
3564077,146864597,45489420
42284380,246521548
39215700,48432176
86507870,56775877
38244553,154685731
87487564,13878392,274096004
39499267,159585876
44422702,248453775
11443235,350125031,132084168
91915921,106310603
118901681,222099366
113750678,123505679
43007295,41302171,179227351
112302007,206470252,230558745
72809892,85100025,126355329
100551544,345290880,34321264
43372125,94854826
72546528,218398146
9804081,141089859,227110328,17367428,90907321,276896415
58220492,391131196
91525598,13314990
103238455,180445892
107650965,207691076
106490158,59575160
97862797,346789239
129254313,158922079
14753773,120354691
16779951,380441566
88428110,172882232,170382060,253598974,122938621
98147182,231606695,204802740,325897792
121928205,26267429
27383944,245398994
100945241,159003216
45635084,211338867
16891565,310083951
16426792,340996734
20319214,86004839
45561576,221942658
118899302,366946676,365300988,194105863
137449253,318985712,38710375
107282532,268615288
34367769,112592229
4345477,327047768
104019648,195251516,76229228
81488185,193038219
45268920,193506732
129959338,227752054
30559509,13528284,135178683
59182609,322360911,109375962
17590145,46153237,132785529
124466092,209185271
117368135,68128510
53334106,264281809,152827157,93593562
42557195,373671769
116401964,264258412,91604212
68431835,86686996,107261462
122374396,238589408
100094762,109214086
19939755,315877764,395771171,172789606
101759904,66615253,2643265
100146314,59711915
28549120,193741907
5021527,176308620,270985928
90823472,104621235
13758285,320873880
129229632,398626798
45726007,43512097,24613411
61836835,351955195,143007483,143732115
111366157,301965225,209387182
111262060,158997614
13446415,226108358
22088523,69194321
79412615,340248204
38670845,365679480
103167307,309679720
10909905,357461165
4497869,364493827
26504487,192845557,14877398,289402598,347729932,109816992,50094357,55130230
42422044,302835193
88017169,399302783
123700488,356238260
140894350,23698640
88681894,168132929
101068291,258440869,108591575,248885285,317367905,50187306,286297123
118918181,357589805
5999606,126834971
3401723,201215466
33982462,34861008
100981086,78673521
47117557,44118814
125828584,145571597,367402993
95335060,271474383
84538786,18681907,159297089,349806141
13715846,335790356
93183576,108688523,125571697,284140455,114865515
114890353,120567285
28262501,89339213
34257736,184823493
110784641,172220317
121800511,166272316,153128158
39948845,377136904
137215130,242902810
43469273,145506778
110468225,312798864
96263195,196860540
138384284,48976145,177533311
65210541,182709375
60408890,251201272
57213531,60337452
114822510,84051692
59631495,144916652,176484264,390694551
43086389,380102237,276914508
28373853,284818834,356306786,4927527,338660038
75392617,303625151
101097573,234871670,106846462,375400229
124319870,372470183
26936473,222816042
92780637,118898748
43708275,14140150
81215829,218567109,117078126
130453311,202680046
136643072,251626804,248832952,189906937
80514853,296695350,30041112,28037728
24001678,21183565,65377016
68519803,217108678
50163622,50516701
80125554,285806343
45577644,189134241,345323605,364619702
89903781,272284482,211528969
136285143,55171993
141030731,231655871
92790292,242272662
132506811,129572191
94758835,110383990
115814132,96196935
69103074,69848184,151465794,177815771
94634280,2039039
28102496,361838219
126151021,57602199
76236587,381626311,339633342
2998777,222650185
100022795,255567718
30858221,371952433
72501395,57857867,104348419
82734890,213419460
54559085,2039039
71276064,106571756
86117457,240377044
83399121,48456732
12592427,327146509
65340951,330749783
33608085,221610175,306584780
23569993,235893769,113892189
139149641,197488747,292243173
77028595,313185904
87599806,148644746
15012976,246450068
25266604,278732941,365621617,358750874
92760184,364308787
61849905,389780130
57673281,155241073,105822606
112978435,111152415
54790610,241460840
75489895,391045684
136005200,370143920,64601817,344100611
54867992,296820662
79446758,91821471,110650767
98062481,159754349
123826131,240252359
58552612,314041390
30284767,103952000,284603488
119370179,197209588
49335337,376280928,192519482
77386010,305798103
48952506,204719964,329687912
25389890,141626185,278356790
49928,262633964
50405875,69877053
132949381,200314888
6420343,8723103
1715517,158004192
96934202,362673919
59016682,239931161
101524220,284327274,143109971
124648234,393663385
65916987,140631463,167440133
84488670,63447660
109498494,125492441
122583881,79492217
23251020,356552372
114656315,210146883,400625953
80583387,35479575
136963600,210038509
108676682,278486592
69439146,396232239
137531511,392676250
107022033,168479746,404518848
121472075,228200135
134503898,370255730,398596119
14543753,157994108,97882711
97126409,177912248
121193655,70562148
70378443,7532626
86699139,143144185
80560285,129985568
141939336,223920473,208132326,216053128,221857427
78836388,226733503,214310862,33576390
62144462,71632095,295915830
92323562,121646804
125532825,179197699,144476584
85939693,367934934
43405789,156358814
141765235,35276608,148905546
29552918,394070313
49302289,59140028,68440685
101209990,224715673
111289035,329443108,306381201,36717113,24914213,341799736,146534037
49267088,271025435,216366009
71517427,51945888
48821947,313573928
6696585,223393249
19839658,9795472
107789990,99201290
129295057,345112287
90954039,43680977
80182755,83897190
40172985,378438552
85235720,231269572
74743129,11736769
137885358,105053160
96993474,321264227
1892717,339536244
31462872,334399604
23769172,321132288
89297848,55589249,283356796,158884195
78436160,324009688
49892434,355655563
79184188,392547214
30187992,316641999,309777776
72276740,255380079
118209579,162165592,137372469
52494029,386892751
65029092,101140096
16674524,285336718
74514093,118310778
117106172,163590772
124932641,167392182
12846167,79941777
91296173,146923812,386956767
37145761,59834625
112188013,360081908,39967335
5371101,46533634,387565654
423794,359108034
72687663,67621945,317035221
120537106,18828565
101954510,387876785
69723528,177848116
137834151,302894539
51410219,99558990
62054015,380534998
122088660,71285955
12092954,267745121
123888602,101377390
27756102,221244804
47016310,127736643,93149143,57726878
89897300,170017718
138072562,110864568,127674808
87756612,153558001
137455327,207020632
117604582,96935344
63538585,300991619
84193620,287294440
113057271,262375931
37698625,145858087
74317050,399488868
136163215,364334834
45713336,231348377
16022065,48449787
119613283,125023300,325759523
8988329,293414347,110697111
140381135,339644860
85901503,77072749
124471795,127516688
116082939,255109889
18089906,269677121
121069388,133376660
121265866,264845164
80653155,368285590
16458073,147031276
20238343,66636310,105773462
138059040,19021737
77053167,242276683
100326566,248179721
84824562,3691755
132740739,320081961
135090452,164360273
129210271,385094715
132925736,187351587
140267624,28549039
69994159,121967818
63115068,337284248
32109732,317500396
123603693,379330069
129575184,177513372
87721273,58685711
141771287,1901508,394539469
65430299,320741553
41759212,49207260,60418964
112568846,314145144
105568389,340658714
52726145,386142943,56198463
65494441,238183667
36121813,360043367
29369641,170939562
89284435,403390073
59265528,168243816,118484517
67611131,49051592
32455786,334285496,132102028,70100586
137206195,57696862,141033966
120228731,271239492,188541540
47769110,16134119
78161252,245053240
91686454,320230341
22814378,368651549
118563224,398138474
138086251,404114025
102726502,348035882
123642365,219926482
21762801,21424746
30924964,29912672
25491119,220520436
31325823,33471600
94621295,238199037
98609058,223254000
137050612,67947538
66752695,321365923,190535752
15233684,341836261,282219082
12766784,74273061
43359390,342515350,181668753
70163788,403543218
91204790,238430270
134220323,265225234
90130475,214391460
57201592,313573928
137803919,70947069
32694337,296891444
125856347,202431066
54344737,139393921
117909781,315321807
28897742,69945681,223375784
142068875,242341513,311928163
86993985,401369692
137226024,18678255,239048933
23464346,79580652
2559590,287631291
21782028,212044060
71306110,388623971,283443012
20280300,133295858,383130134
101920679,73178283
122995738,175453499
43707353,185229960
77099628,69767163
103702074,232318282
68656573,363915686
105364881,13767364
84547687,140288200,79157833,6235598
104810721,38210055
73264728,112646980
128399640,273065362
25992841,363946493
26956126,387753070
27338801,339703164
131528753,380146527
88538921,243692490
96306125,343929772
107879987,28637691
91401521,389781912
118828178,175598373
33288470,145417072,293103308
65212247,73321555
90342802,51211843
82773347,43346363
108318908,342577333
53413854,187916060
20113267,283906191
11556908,245206112,304426597
117848028,141360198,69769782
141526516,139633120
64342546,275033368
25072444,275857374
35731634,279040299
49379129,169698362,244830695
7944698,57802013
112271829,148128688
104497583,267841512
110513785,149278650
92993610,106925858
121187853,89982280
32586169,131366077
122631631,200224360
82304530,205721512
102504471,240390651
134648874,34146488,199858425,71078503
7715572,311674876
90008172,8413459
23329867,383795059,197384370,166010546
27512670,115499204,321867565
25486425,247149922
29924604,108363805
4767784,312591127
41766996,34964948
77016033,68272159
77659321,125150833,255257940
41999826,368243444
131965111,386340659
118728296,146128596
100764607,377529858
74120477,211717770,160830223,142142539
87552336,178816190
23964644,351326168
65646895,278175162
19381333,341149620
133178328,86717513
127488859,227474082,229147532
129957620,71550477
67665242,49009769
138059156,225990903
1064331,376432302
7721554,207793823
141105686,260322068
130227880,372724641
18685883,241348
4734112,222699841
36797719,12924974
59669265,245284849
133910532,202234711
88612821,27780649
123488278,165298240
38995551,68929313
135580342,374591966,269787731
44810785,166857282,175694483
34937456,327146509
136257384,69916706
89826487,172353695,276219048
36219425,302800396
18162415,64964718
90315636,158057578
68080371,283906191
127750520,221272096
83654474,183128726
39670075,218340958
123800145,324501643
12543741,283324669
96629143,345814679,250538701
119635601,18493132
139090606,238759554
64244429,238073390
109500349,394421749,168112769
101893817,302670350
14584160,102522712
107495962,126237943
75648334,256901623
35002050,382112022
92979905,4132135
51898855,273020077
74904730,230748149
124639503,43085046,92702127
79408517,336079101
51112461,23121976
96382230,196697721
115519826,276252575
129657497,81116475
32118815,3534621
115201981,126171126
42190607,261020714
85605647,76575815
42163589,334055192
46861385,127101010
17795033,307765473
116379484,203526567
19218807,101268199
50373510,298894262
19187898,89982976
141050630,342766867
43356881,398984505
115856064,228525711
82709223,268463363
50006440,221495537
134442107,86642949
137915017,274596072
85989785,73535345
142072325,329416212
111763897,288181612
103724384,85023895
35012787,147548542
95327292,193293
123101323,192588724
85758206,254366315
40297927,159194817,312512695
106900965,57928034,35101808,197952374
116691510,164135427
21134416,348763773
66052986,248790438
127698496,166371470,93687023
116056493,193650466
51950935,232877965,67095136
43899792,58187562
115913371,358614175
35442441,101977023
53826424,13990150
35576981,193132449
122257243,194731293
87276218,137721544
104891987,230900306
56094913,277951574
77277952,345160786
90113730,51244311
126460283,176111850
137744802,52098442
75578463,326815457
108426355,132191331
127501729,54394873
70492282,75923568
39133990,96264213
43865915,374845927
19936645,145359374
95554894,174654162
85932424,183171337,255284954
77688693,311780454
31718228,176207062
111736993,233700914
73233910,279161444
7342914,307405971
29321096,283906191
24024083,191065007
2344622,126678977
45443577,236381779
87903675,387924139
81014115,160051863
32056631,6661801
22332656,338393693
70537406,54589521
97507318,326553998
46864179,134270048
78922712,363050430
68810875,240311446
114979206,319309843
82531656,206350239
134383496,194439330,77043817
10534100,190323586,210660978
137999315,354338429
129449164,260996452
43294371,34645279
67736383,136678965
131771420,290366290
102482295,180015673
101135329,402969171
104376846,242249759
71344020,297594759
36358942,168367488
129396831,60944515
123765725,101415143
97272553,284882111,72449948
60371446,176479576
118825889,336024125
10207907,240693179
113609599,167649599
55619609,26669847
33403491,256517337
95233036,320025006
112533984,307685812
22846324,363397261
99600011,92494959
12027609,78322945
83540417,355125736
107606206,144055431
7983077,397367057
84877567,118477393
107876999,370949982
3219318,264674816
93118741,142220957
50707276,166821153
56043012,68567853
18737614,190315706
135455536,8184435
13019864,390464450
68943297,71733528
69673512,71540729
35633068,43209908,184094773
35999644,96986847
69305224,27507466
128818870,235137494
94173761,335498079
3826065,174633280
83299768,323412553
138375674,128347630
3503734,241033430
57815793,163396491
110910177,216475209
56760511,289649538
118390636,24344074
97620119,283556680
18798980,286054124
126601909,80225661
102393816,128974826
41515424,88057415
80606704,192531581
99224658,333709990
94316158,281445754
88366771,184370828
53418759,312469795
73784219,187251068
71107115,272870236
82357235,279059477
1393423,90861601
42605292,242729560
123521589,135801453
104996540,272827027
57058991,371160074
57071628,78991828
70829107,42712637
73570970,345725935
119737948,167074648
130798983,139265052
72249339,143677623,269731164
137292155,98533687
67318647,136320200
24306097,271657443
93945905,118561113
10751658,273018965
118967192,31265485
142159936,220424805
135469853,26057972
127107167,143045074
117724096,374178634
3624197,352679556
21576685,74184579
52326160,82618047
94896879,53197605
77560967,134674087
19571711,179760879
56352694,323727122
132523344,222636671
17665940,7617138
139766625,190777407
24336749,83181618
31005284,81352784
125656626,399012205
74520930,12363203
54267939,239738541
11334621,38865637
32156553,45966999
86499657,153412250
109926528,373522097
114936167,255730481
118580080,141244888
132927997,317171538
32971905,78703457,261525604
60468635,40274222
130269564,95153755
136516330,27677629
116110298,133718711
31701455,186136962
120680358,191624218
1902324,60554905
44718780,393467882
64497148,307225865,45081782
107220228,389703171
1932774,194349145
53981410,71691689
69995353,294856754
122131736,118396565
14100462,40388948,195985236
101587570,16134119
50541645,269073975,362047424
124565387,395218627,285051410
20311539,198408176
39861536,210268515
20428615,250093415
41302437,83758033
